GlobalId,Марка,Наименование
2HwJ2x6vjC$gpuGkVyNQeX,N/A,Гайка М24 ГОСТ 5915-70
0PGORL5HP4cgXYec5LE9o0,N/A,Болт 1.1.М24×1320 09Г2С ГОСТ 24379.1-2012
0YCAnmxRXDkw8JL4XfKydx,N/A,Шайба М24 ГОСТ 24379.1-2012
0p0dV8SP5DtvNl4CGjg52p,N/A,Гайка М24 ГОСТ 5915-70
3a4GpfZH5AeREQ0e46oWpM,N/A,Шпилька 1.М24×1320 09Г2С ГОСТ 24379.1-2012
10$Xp9PRjCaxghEkHoOGLs,N/A,Гайка М24 ГОСТ 5915-70
20okxZiifD9xvfmtDjt6OA,N/A,Шпилька 1.М24×1320 09Г2С ГОСТ 24379.1-2012
2I3L8zcCHDc8WCnlCvpK_S,N/A,Гайка М24 ГОСТ 5915-70
1WEZWzUaj3OQ6U6LQK98mt,N/A,Гайка М24 ГОСТ 5915-70
0rhMeAYQn13QkyYIDDLGFj,N/A,Подливка
1Wos_z5kT07wyJIRz32$DC,N/A,Подливка
1tqew_Jkf2lOvcsH0GffEK,N/A,Шпилька 1.М24×1320 09Г2С ГОСТ 24379.1-2012
0EAcV$QAD0eegFlLAjD2B9,N/A,Шпилька 1.М24×1320 09Г2С ГОСТ 24379.1-2012
1vum8guyT4Fgngu4dD_jzz,N/A,Шайба М24 ГОСТ 24379.1-2012
0M0697RyvBdfhLwb8FctIR,N/A,Шпилька 1.М24×1320 09Г2С ГОСТ 24379.1-2012
1IJlVhM0bAEgRi_xPXrx_P,N/A,Шайба М24 ГОСТ 24379.1-2012
1dqFi01kP9NPgdSIknYqdS,N/A,Болт 1.1.М24×1320 09Г2С ГОСТ 24379.1-2012
2sEhozlOfAhvxVo4l9z4IQ,N/A,Гайка М24 ГОСТ 5915-70
20$L82zAvCGuYAYJ$WQXlz,N/A,Гайка М24 ГОСТ 5915-70
1qKVQbeV950v5WtFsc0Oze,N/A,Подготовка
1GIDAMJLz679M2CqQDTPIr,N/A,Гайка М24 ГОСТ 5915-70
3UUtRPlWX0iAltYhM8oXOR,N/A,Шпилька 1.М24×1320 09Г2С ГОСТ 24379.1-2012
2PeCsuBMzDQAvOWKYC25ib,N/A,Шайба М24 ГОСТ 24379.1-2012
3o6sYgJpjAJBIOb5yvYTJx,N/A,Подливка
178CYIgInDagRGvWIoMKlw,N/A,Подготовка
1vzNQgqp9FjgUO$YDndkb3,N/A,Гайка М24 ГОСТ 5915-70
1NfxwUG0XErOPrQDrphNJ9,N/A,Гайка М24 ГОСТ 5915-70
34BTfvbQb6X9akEEP54$vy,N/A,Шпилька 1.М24×1320 09Г2С ГОСТ 24379.1-2012
1$LzMnXbP1XwgVDZMKP67h,N/A,Подливка
0yqVZApY55QO80GdZwNjQ2,N/A,Шайба М24 ГОСТ 24379.1-2012
1xVvnbdkT9aPIsj55BLjZM,N/A,Подливка
1wPANG45j0a8TYqvIvJEIA,N/A,Болт 1.1.М24×1320 09Г2С ГОСТ 24379.1-2012
3kqYj9UljESAMjxb9WinkO,N/A,Шайба М24 ГОСТ 24379.1-2012
0JIh47J4fF0fUdT_0YRL7X,N/A,Гайка М24 ГОСТ 5915-70
3jSqepSEX0JxYtFf5gKYNa,N/A,Болт 1.1.М24×1320 09Г2С ГОСТ 24379.1-2012
0FFOzK0VH9ju6eq1duwzMS,N/A,Подливка
1vh8CzVvrBgQ29ZBtr2$Ve,N/A,Гайка М24 ГОСТ 5915-70
0AkrFIaGD4le5M9DPLN7h6,N/A,Гайка М24 ГОСТ 5915-70
37Ok7E3w11TO444eg66AkH,N/A,Шайба М24 ГОСТ 24379.1-2012
2VMFeqVOPCy8wO$VzqMona,N/A,Подливка
3Ip$EWkur5X8jueyQHQlH0,N/A,Подготовка
1l57lqWHr0xQHoWkKL_$fy,N/A,Шайба М24 ГОСТ 24379.1-2012
1OmevibN9FIh_jHq2Q9bsL,N/A,GeographicElement
0VjqIG3Ur21R4ruQxHjzp3,N/A,Шайба М24 ГОСТ 24379.1-2012
3YQN6t30r8T91o0FWyBn7P,N/A,Подготовка
3P7fGg0e50QvUIjCJfW_PE,N/A,Шайба М24 ГОСТ 24379.1-2012
2nslUzGt10EvuXoHLTKIHo,N/A,Гайка М24 ГОСТ 5915-70
0CweVgkH9Ate1H6fEMvCN3,N/A,Гайка М24 ГОСТ 5915-70
3EYY5h2vvCEAFJsS_QTcT$,N/A,Шпилька 1.М24×1320 09Г2С ГОСТ 24379.1-2012
1mPS0x0wr0KRESLoFbNDVh,N/A,Болт 1.1.М24×1320 09Г2С ГОСТ 24379.1-2012
3HV1Kjt_P48fdxDDBfkf1K,N/A,Подготовка
24cH7w$_H1qfq3PQjakfOC,N/A,Болт 1.1.М24×1320 09Г2С ГОСТ 24379.1-2012
0LKiV9PH5FuQsTalw0d7v5,N/A,Гайка М24 ГОСТ 5915-70
1Z20UFzUPAEQ6$Jqpw3MAo,N/A,Гайка М24 ГОСТ 5915-70
2WSIbE2Wv2hvAIndJqU5_B,N/A,Шпилька 1.М24×1320 09Г2С ГОСТ 24379.1-2012
1f_p6TarT4fA$98XnLZBBy,N/A,Подготовка
2q6ni7TE9CBgn$31XLSla3,N/A,Болт 1.1.М24×1320 09Г2С ГОСТ 24379.1-2012
2fGsxyBJT2COjJOZeqmWqC,N/A,Болт 1.1.М24×1320 09Г2С ГОСТ 24379.1-2012
2RJCbAdCj0wvEComp34Rsw,N/A,Гайка М24 ГОСТ 5915-70
23B9f3tFv1pfaJupO9Omz0,N/A,Шпилька 1.М24×1320 09Г2С ГОСТ 24379.1-2012
26QJ_hmlf2f9spJ2XCmmkD,N/A,Подливка
23RiTNqAb0b9PTOAnGBXUp,N/A,Гайка М24 ГОСТ 5915-70
3Y9QwyjYfCH8Z0WfoUXj1D,N/A,Шпилька 1.М24×1320 09Г2С ГОСТ 24379.1-2012
1sp_vvmQP7Xx8t6O4bC$dE,N/A,Болт 1.1.М24×1320 09Г2С ГОСТ 24379.1-2012
0C1iuSriXBgOzSnW17cs4P,N/A,Гайка М24 ГОСТ 5915-70
0Z9vJjCoH1LB95UC4P_Iqw,N/A,Болт 1.1.М24×1320 09Г2С ГОСТ 24379.1-2012
1pulfkHTL5Ev$VaIjk7P91,N/A,Болт 1.1.М24×1320 09Г2С ГОСТ 24379.1-2012
3ApaT1Bx5AZA3Be781wCbu,N/A,Шпилька 1.М24×1320 09Г2С ГОСТ 24379.1-2012
2Io2f8qDL19As5COPItNxN,N/A,Гайка М24 ГОСТ 5915-70
1PVwa5zGz1YOSgchFvRNsq,N/A,Шайба М24 ГОСТ 24379.1-2012
3kknZrpHbEbvDMRrwT2dMI,N/A,Гайка М24 ГОСТ 5915-70
3Ikut9mUv5TPSIJnA5DlC7,N/A,Болт 1.1.М24×1320 09Г2С ГОСТ 24379.1-2012
1xudqT7EXBN8_ogxV4dbpp,N/A,Гайка М24 ГОСТ 5915-70
1gsCZ7TyT6dPK3vJzoCyM2,N/A,Гайка М24 ГОСТ 5915-70
19u$1FIR97QOwEO449C0cZ,N/A,Подготовка
2X$Cgx4Iz05AjGXHwRmNzO,N/A,Шайба М24 ГОСТ 24379.1-2012
0m8H8TLUv90ArpFgzCxVU7,N/A,Подготовка
2vgcUwPof3VxmGYJeaD8LB,А-1,Анкерный блок А-1
2$7NV_Bpj0lPwt2R_xqgOw,А-1,Анкерный блок А-1
3HXlOatAPFXRjLdxb0OJ0X,А-2,Анкерный блок А-2
2GINGSpoT1Jv0YKvipI$eZ,А-2,Анкерный блок А-2
2vmyqZLqvDT9KJ0Lv8t25n,ФМ-1,Фундамент монолитный ФМ-1
0hfzWfvbv9qfM4GARWRDJn,ФМ-1,Фундамент монолитный ФМ-1
3bsN6pNuv44A7bcNsdDzqs,ФМ-1,Фундамент монолитный ФМ-1
0u32_C6hzEWvgmMfYR2jW8,ФМ-1,Фундамент монолитный ФМ-1
2HMZVNPoj1I8iIllIa5YYl,ФМ-2,Фундамент монолитный ФМ-2
3GNuND8zb5OAkgsyL2I_8Z,ФМ-2,Фундамент монолитный ФМ-2
1DIK7eysf9cfulTe8XzJMT,ФМ-2,Фундамент монолитный ФМ-2
1LEu$YBn16dwIAJw3vHtYN,ФМ-2,Фундамент монолитный ФМ-2
